Masa,Radio,rho_m
4.883955105302847e-02,1.994727799145236e+01,1.000000000000000e+13
4.990636716499548e-02,1.992324783209489e+01,1.054951085238559e+13
5.092248524194787e-02,1.988656338913364e+01,1.112921792246013e+13
5.189361645941958e-02,1.983791572624915e+01,1.174078052515578e+13
5.282655863478794e-02,1.977796924587729e+01,1.238594915656082e+13
5.371695758062157e-02,1.970739801603021e+01,1.306657050442345e+13
5.457595477012570e-02,1.962686633583140e+01,1.378459273398766e+13
5.540912955242949e-02,1.953690009130160e+01,1.454207106429189e+13
5.620477972783672e-02,1.943799193196462e+01,1.534117365089097e+13
5.716695732404557e-02,1.941182685814357e+01,1.618418779184061e+13
5.789176440401769e-02,1.929425217487500e+01,1.707352647470689e+13
5.858313816145255e-02,1.916909836186278e+01,1.801173528334137e+13
5.941616812329618e-02,1.911169413092311e+01,1.900149968419061e+13
6.003536132128051e-02,1.897062597809946e+01,2.004565271299702e+13
6.079144864861968e-02,1.889442701635448e+01,2.114718308389146e+13
6.134670358410742e-02,1.873964433916550e+01,2.230924374408979e+13
6.202899719133022e-02,1.864703938096895e+01,2.353516089867914e+13
6.267205018798774e-02,1.854619661743405e+01,2.482844353132566e+13
6.327916491651187e-02,1.843771950707903e+01,2.619279344815627e+13
6.385801097289301e-02,1.832214568799514e+01,2.763211587356187e+13
6.439419026668614e-02,1.819977765074146e+01,2.915053062825182e+13
6.490131760093953e-02,1.807105758448060e+01,3.075238392155410e+13
6.537289892036684e-02,1.793643631998950e+01,3.244226079171630e+13
6.594224828306203e-02,1.785213754354771e+01,3.422499822981345e+13
6.636119698645823e-02,1.770553051335176e+01,3.610569902482960e+13
6.675562555297129e-02,1.755433939851948e+01,3.808974636954076e+13
6.721934544568577e-02,1.745042928452299e+01,4.018281926900847e+13
6.766376515891097e-02,1.733984523834886e+01,4.239090879578535e+13
6.797956285842442e-02,1.717411570771976e+01,4.472033523836252e+13
6.838095114242687e-02,1.705240258529039e+01,4.717776619194289e+13
6.875759289288000e-02,1.692485895320900e+01,4.977023564332114e+13
6.904021201024471e-02,1.674689494856044e+01,5.250516410450043e+13
6.938436311338771e-02,1.661019686233832e+01,5.539037985267134e+13
6.972391983880592e-02,1.646890309708920e+01,5.843414133735187e+13
7.003701690738588e-02,1.632338231634962e+01,6.164516081882268e+13
7.035492475325303e-02,1.617399146354910e+01,6.503262930552246e+13
7.067140690337989e-02,1.602107657720815e+01,6.860624286177781e+13
7.100218489783251e-02,1.586496968464930e+01,7.237623036117292e+13
7.135393018328862e-02,1.570589740987705e+01,7.635338276499530e+13
7.172322065852037e-02,1.554410489232672e+01,8.054908400956684e+13
7.206288401578001e-02,1.534450470894958e+01,8.497534359086438e+13
7.249238319992049e-02,1.517900371097075e+01,8.964483093970178e+13
7.295704683273858e-02,1.501153323713282e+01,9.457091168586591e+13
7.340419481828624e-02,1.480971300901114e+01,9.976768591500412e+13
7.394467022949365e-02,1.463985880477626e+01,1.052500285277733e+14
7.453522270713780e-02,1.443733476837951e+01,1.110336318167641e+14
7.518191746104828e-02,1.420534288007299e+01,1.171350503830739e+14
7.592526337176199e-02,1.400608977611927e+01,1.235717485210970e+14
7.684752111909669e-02,1.380797923260211e+01,1.303621502071576e+14
7.793827711974960e-02,1.355300089298988e+01,1.375256918350729e+14
7.930512531369152e-02,1.330081817810297e+01,1.450828778495943e+14
8.106051677072963e-02,1.302544084299198e+01,1.530553394369628e+14
8.350924461283518e-02,1.270369128025877e+01,1.614658964405798e+14
8.739884529189261e-02,1.233996074399972e+01,1.703386226790064e+14
9.622485697496061e-02,1.179280961793825e+01,1.796989148532592e+14
1.129067113716474e-01,1.126629777795075e+01,1.895735652406379e+14
1.379632710299235e-01,1.094345912436412e+01,1.999908383831537e+14
1.705812716908835e-01,1.080875183494634e+01,2.109805519900772e+14
2.097124670737689e-01,1.080385975617765e+01,2.225741622861630e+14
2.544815379927053e-01,1.091824262866451e+01,2.348048540498507e+14
3.036083209727874e-01,1.105931637998948e+01,2.477076355991714e+14
3.547816607548047e-01,1.124419730241092e+01,2.613194389972233e+14
4.039679512810582e-01,1.140977746592334e+01,2.756792257640521e+14
4.521358000194666e-01,1.157407645430466e+01,2.908280983975135e+14
5.023142835369863e-01,1.173796632907788e+01,3.068094180223232e+14
5.539807886895396e-01,1.188338335511899e+01,3.236689285040605e+14
6.073258168017204e-01,1.202837834598479e+01,3.414548873833601e+14
6.623349422172981e-01,1.215520165835379e+01,3.602182040050870e+14
7.190206080758472e-01,1.226454425406451e+01,3.800125852378511e+14
7.774729585905384e-01,1.237314911434459e+01,4.008946892009813e+14
8.377162020354466e-01,1.246468959373725e+01,4.229242874389499e+14
8.998852398142670e-01,1.253979741180316e+01,4.461644360074661e+14
9.642171809451699e-01,1.261377568482506e+01,4.706816559609259e+14
1.030996941006166e+00,1.267155830046293e+01,4.965461237578607e+14
1.100652115408591e+00,1.272757516032354e+01,5.238318721293548e+14
1.173635334407381e+00,1.275402551096886e+01,5.526170019854088e+14
1.250598131188254e+00,1.279180928705091e+01,5.829839059657881e+14
1.331965253444162e+00,1.280058102102270e+01,6.150195042752220e+14
1.417920500911869e+00,1.280641968565195e+01,6.488154934780258e+14
1.508188593614538e+00,1.279632919099978e+01,6.844686089642342e+14
1.601736456101578e+00,1.277030390615853e+01,7.220809018385486e+14
1.696491554786883e+00,1.273951718407883e+01,7.617600310246140e+14
1.790015583656480e+00,1.268111465139108e+01,8.036195714207746e+14
1.879820921422551e+00,1.261746001122009e+01,8.477793389892916e+14
1.963555969125450e+00,1.254772990753290e+01,8.943657337095849e+14
2.039317417911089e+00,1.246129942831976e+01,9.435121013771062e+14
2.106091172888031e+00,1.235872559640629e+01,9.953591152834912e+14
2.163449050750289e+00,1.224992453424599e+01,1.050055178870411e+15
2.211391788499113e+00,1.213468546123225e+01,1.107756850509709e+15
2.250249953900035e+00,1.201290912897258e+01,1.168629291625670e+15
2.280606320256669e+00,1.189293016542481e+01,1.232846739442068e+15
2.303137529030328e+00,1.175798142649509e+01,1.300593005707229e+15
2.318588223993556e+00,1.162454244019501e+01,1.372062002824526e+15
2.327689405184314e+00,1.149198398699142e+01,1.447458298894318e+15
2.331140715246661e+00,1.135268253038459e+01,1.526997703256124e+15
2.329625690633526e+00,1.122068097672632e+01,1.610907884206835e+15
2.323749405104603e+00,1.108163667386880e+01,1.699429020663351e+15
2.314087437397903e+00,1.094860403343182e+01,1.792814489634711e+15
2.301145788519761e+00,1.080849410430281e+01,1.891331591471551e+15
2.285408724934487e+00,1.067921407257075e+01,1.995262314968883e+15
